{
    "letterbox1": [
        "hello2"
    ]
}{
    "letterbox": [
        "hello2",
        "hello1"
    ]
}{
  "letterbox1": [
    "hello1"
  ]
}{
  "letterbox1": [
    "hello1",
    "hello1"
  ]
}{
  "letterbox1": [
    "hello1",
    "hello1",
    "hello1"
  ]
}{
  "letterbox": [
    "hello1"
  ]
}{
  "letterbox": [
    "hello1"
  ],
  "letterbox2": [
    "hello1"
  ]
}{
  "letterbox": [
    "hello1"
  ],
  "letterbox2": [
    "hello1",
    "hello2"
  ]
}